video,total_frames,detected,fallback,detected_pct,fallback_pct
person01_boxing_d1,320,320,0,100.0,0.0
person01_boxing_d2,320,320,0,100.0,0.0
person01_boxing_d3,420,420,0,100.0,0.0
person01_boxing_d4,280,280,0,100.0,0.0
person01_handclapping_d1,340,340,0,100.0,0.0
person01_handclapping_d2,440,440,0,100.0,0.0
person01_handclapping_d3,400,400,0,100.0,0.0
person01_handclapping_d4,340,340,0,100.0,0.0
person01_handwaving_d1,440,440,0,100.0,0.0
person01_handwaving_d2,380,380,0,100.0,0.0
person01_handwaving_d3,440,440,0,100.0,0.0
person01_handwaving_d4,440,440,0,100.0,0.0
person01_jogging_d1,160,115,45,71.9,28.1
person01_jogging_d2,240,199,41,82.9,17.1
person01_jogging_d3,160,141,19,88.1,11.9
person01_jogging_d4,240,230,10,95.8,4.2
person01_running_d1,100,52,48,52.0,48.0
person01_running_d2,160,126,34,78.8,21.2
person01_running_d3,100,56,44,56.0,44.0
person01_running_d4,160,144,16,90.0,10.0
person01_walking_d1,240,180,60,75.0,25.0
person01_walking_d2,460,422,38,91.7,8.3
person01_walking_d3,260,197,63,75.8,24.2
person01_walking_d4,420,393,27,93.6,6.4
person02_boxing_d1,400,398,2,99.5,0.5
person02_boxing_d2,420,420,0,100.0,0.0
person02_boxing_d3,460,460,0,100.0,0.0
person02_boxing_d4,500,500,0,100.0,0.0
person02_handclapping_d1,360,360,0,100.0,0.0
person02_handclapping_d2,340,340,0,100.0,0.0
person02_handclapping_d3,340,340,0,100.0,0.0
person02_handclapping_d4,340,340,0,100.0,0.0
person02_handwaving_d1,360,360,0,100.0,0.0
person02_handwaving_d2,320,320,0,100.0,0.0
person02_handwaving_d3,340,340,0,100.0,0.0
person02_handwaving_d4,380,380,0,100.0,0.0
person02_jogging_d1,160,109,51,68.1,31.9
person02_jogging_d2,460,344,116,74.8,25.2
person02_jogging_d3,240,223,17,92.9,7.1
person02_jogging_d4,240,217,23,90.4,9.6
person02_running_d1,160,125,35,78.1,21.9
person02_running_d2,340,261,79,76.8,23.2
person02_running_d3,240,219,21,91.2,8.8
person02_running_d4,220,206,14,93.6,6.4
person02_walking_d1,240,172,68,71.7,28.3
person02_walking_d2,760,637,123,83.8,16.2
person02_walking_d3,320,280,40,87.5,12.5
person02_walking_d4,360,333,27,92.5,7.5
person03_boxing_d1,420,418,2,99.5,0.5
person03_boxing_d2,460,459,1,99.8,0.2
person03_boxing_d3,360,360,0,100.0,0.0
person03_boxing_d4,480,480,0,100.0,0.0
person03_handclapping_d1,420,420,0,100.0,0.0
person03_handclapping_d2,380,380,0,100.0,0.0
person03_handclapping_d3,420,420,0,100.0,0.0
person03_handclapping_d4,380,380,0,100.0,0.0
person03_handwaving_d1,520,520,0,100.0,0.0
person03_handwaving_d2,440,440,0,100.0,0.0
person03_handwaving_d3,440,440,0,100.0,0.0
person03_handwaving_d4,480,480,0,100.0,0.0
person03_jogging_d1,160,120,40,75.0,25.0
person03_jogging_d2,460,387,73,84.1,15.9
person03_jogging_d3,160,137,23,85.6,14.4
person03_jogging_d4,240,229,11,95.4,4.6
person03_running_d1,120,87,33,72.5,27.5
person03_running_d2,280,207,73,73.9,26.1
person03_running_d3,80,36,44,45.0,55.0
person03_running_d4,140,127,13,90.7,9.3
person03_walking_d1,380,357,23,93.9,6.1
person03_walking_d2,820,740,80,90.2,9.8
person03_walking_d3,360,332,28,92.2,7.8
person03_walking_d4,340,317,23,93.2,6.8
person04_boxing_d1,280,280,0,100.0,0.0
person04_boxing_d2,420,420,0,100.0,0.0
person04_boxing_d3,360,360,0,100.0,0.0
person04_boxing_d4,340,340,0,100.0,0.0
person04_handclapping_d1,360,360,0,100.0,0.0
person04_handclapping_d2,420,420,0,100.0,0.0
person04_handclapping_d3,380,380,0,100.0,0.0
person04_handclapping_d4,360,360,0,100.0,0.0
person04_handwaving_d1,560,560,0,100.0,0.0
person04_handwaving_d2,540,540,0,100.0,0.0
person04_handwaving_d3,480,480,0,100.0,0.0
person04_handwaving_d4,440,440,0,100.0,0.0
person04_jogging_d1,160,118,42,73.8,26.2
person04_jogging_d2,360,276,84,76.7,23.3
person04_jogging_d3,160,93,67,58.1,41.9
person04_jogging_d4,240,222,18,92.5,7.5
person04_running_d1,120,53,67,44.2,55.8
person04_running_d2,220,142,78,64.5,35.5
person04_running_d3,80,32,48,40.0,60.0
person04_running_d4,160,142,18,88.8,11.2
person04_walking_d1,320,275,45,85.9,14.1
person04_walking_d2,600,489,111,81.5,18.5
person04_walking_d3,280,181,99,64.6,35.4
person04_walking_d4,340,318,22,93.5,6.5
person05_boxing_d1,400,397,3,99.2,0.8
person05_boxing_d2,380,379,1,99.7,0.3
person05_boxing_d3,380,380,0,100.0,0.0
person05_boxing_d4,420,416,4,99.0,1.0
person05_handclapping_d1,380,380,0,100.0,0.0
person05_handclapping_d2,380,380,0,100.0,0.0
person05_handclapping_d3,420,420,0,100.0,0.0
person05_handclapping_d4,420,420,0,100.0,0.0
person05_handwaving_d1,440,440,0,100.0,0.0
person05_handwaving_d2,420,420,0,100.0,0.0
person05_handwaving_d3,400,400,0,100.0,0.0
person05_handwaving_d4,380,380,0,100.0,0.0
person05_jogging_d1,160,120,40,75.0,25.0
person05_jogging_d2,220,178,42,80.9,19.1
person05_jogging_d3,160,120,40,75.0,25.0
person05_jogging_d4,240,218,22,90.8,9.2
person05_running_d1,80,37,43,46.2,53.8
person05_running_d2,160,118,42,73.8,26.2
person05_running_d3,140,87,53,62.1,37.9
person05_running_d4,160,137,23,85.6,14.4
person05_walking_d1,260,186,74,71.5,28.5
person05_walking_d2,400,336,64,84.0,16.0
person05_walking_d3,280,225,55,80.4,19.6
person05_walking_d4,360,316,44,87.8,12.2
person06_boxing_d1,380,380,0,100.0,0.0
person06_boxing_d2,360,360,0,100.0,0.0
person06_boxing_d3,340,340,0,100.0,0.0
person06_boxing_d4,340,340,0,100.0,0.0
person06_handclapping_d1,380,380,0,100.0,0.0
person06_handclapping_d2,340,338,2,99.4,0.6
person06_handclapping_d3,340,340,0,100.0,0.0
person06_handclapping_d4,340,340,0,100.0,0.0
person06_handwaving_d1,400,400,0,100.0,0.0
person06_handwaving_d2,440,440,0,100.0,0.0
person06_handwaving_d3,400,400,0,100.0,0.0
person06_handwaving_d4,400,400,0,100.0,0.0
person06_jogging_d1,180,138,42,76.7,23.3
person06_jogging_d2,320,292,28,91.2,8.8
person06_jogging_d3,160,116,44,72.5,27.5
person06_jogging_d4,240,225,15,93.8,6.2
person06_running_d1,140,69,71,49.3,50.7
person06_running_d2,220,183,37,83.2,16.8
person06_running_d3,100,58,42,58.0,42.0
person06_running_d4,160,128,32,80.0,20.0
person06_walking_d1,240,203,37,84.6,15.4
person06_walking_d2,580,490,90,84.5,15.5
person06_walking_d3,240,198,42,82.5,17.5
person06_walking_d4,340,310,30,91.2,8.8
person07_boxing_d1,360,359,1,99.7,0.3
person07_boxing_d2,280,280,0,100.0,0.0
person07_boxing_d3,360,360,0,100.0,0.0
person07_boxing_d4,340,340,0,100.0,0.0
person07_handclapping_d1,420,420,0,100.0,0.0
person07_handclapping_d2,500,500,0,100.0,0.0
person07_handclapping_d3,460,460,0,100.0,0.0
person07_handclapping_d4,500,500,0,100.0,0.0
person07_handwaving_d1,740,740,0,100.0,0.0
person07_handwaving_d2,720,720,0,100.0,0.0
person07_handwaving_d3,560,560,0,100.0,0.0
person07_handwaving_d4,740,740,0,100.0,0.0
person07_jogging_d1,160,116,44,72.5,27.5
person07_jogging_d2,240,192,48,80.0,20.0
person07_jogging_d3,160,117,43,73.1,26.9
person07_jogging_d4,260,246,14,94.6,5.4
person07_running_d1,80,45,35,56.2,43.8
person07_running_d2,160,127,33,79.4,20.6
person07_running_d3,160,153,7,95.6,4.4
person07_running_d4,160,143,17,89.4,10.6
person07_walking_d1,240,207,33,86.2,13.8
person07_walking_d2,360,302,58,83.9,16.1
person07_walking_d3,320,292,28,91.2,8.8
person07_walking_d4,360,342,18,95.0,5.0
person08_boxing_d1,380,377,3,99.2,0.8
person08_boxing_d2,420,399,21,95.0,5.0
person08_boxing_d3,360,359,1,99.7,0.3
person08_boxing_d4,440,440,0,100.0,0.0
person08_handclapping_d1,380,380,0,100.0,0.0
person08_handclapping_d2,340,340,0,100.0,0.0
person08_handclapping_d3,380,380,0,100.0,0.0
person08_handclapping_d4,380,380,0,100.0,0.0
person08_handwaving_d1,480,480,0,100.0,0.0
person08_handwaving_d2,400,400,0,100.0,0.0
person08_handwaving_d3,440,440,0,100.0,0.0
person08_handwaving_d4,440,440,0,100.0,0.0
person08_jogging_d1,160,109,51,68.1,31.9
person08_jogging_d2,320,312,8,97.5,2.5
person08_jogging_d3,220,196,24,89.1,10.9
person08_jogging_d4,240,208,32,86.7,13.3
person08_running_d1,120,53,67,44.2,55.8
person08_running_d2,180,167,13,92.8,7.2
person08_running_d3,160,135,25,84.4,15.6
person08_running_d4,160,132,28,82.5,17.5
person08_walking_d1,240,166,74,69.2,30.8
person08_walking_d2,480,434,46,90.4,9.6
person08_walking_d3,300,231,69,77.0,23.0
person08_walking_d4,440,395,45,89.8,10.2
person09_boxing_d1,400,399,1,99.8,0.2
person09_boxing_d2,400,400,0,100.0,0.0
person09_boxing_d3,360,359,1,99.7,0.3
person09_boxing_d4,380,380,0,100.0,0.0
person09_handclapping_d1,340,340,0,100.0,0.0
person09_handclapping_d2,320,320,0,100.0,0.0
person09_handclapping_d3,320,320,0,100.0,0.0
person09_handclapping_d4,340,340,0,100.0,0.0
person09_handwaving_d1,400,400,0,100.0,0.0
person09_handwaving_d2,420,420,0,100.0,0.0
person09_handwaving_d3,360,360,0,100.0,0.0
person09_handwaving_d4,360,360,0,100.0,0.0
person09_jogging_d1,160,113,47,70.6,29.4
person09_jogging_d2,300,269,31,89.7,10.3
person09_jogging_d3,160,113,47,70.6,29.4
person09_jogging_d4,260,243,17,93.5,6.5
person09_running_d1,80,32,48,40.0,60.0
person09_running_d2,160,109,51,68.1,31.9
person09_running_d3,80,27,53,33.8,66.2
person09_running_d4,160,109,51,68.1,31.9
person09_walking_d1,240,200,40,83.3,16.7
person09_walking_d2,440,385,55,87.5,12.5
person09_walking_d3,240,178,62,74.2,25.8
person09_walking_d4,320,311,9,97.2,2.8
person10_boxing_d1,360,360,0,100.0,0.0
person10_boxing_d2,420,420,0,100.0,0.0
person10_boxing_d3,520,518,2,99.6,0.4
person10_boxing_d4,440,440,0,100.0,0.0
person10_handclapping_d1,260,260,0,100.0,0.0
person10_handclapping_d2,320,320,0,100.0,0.0
person10_handclapping_d3,360,360,0,100.0,0.0
person10_handclapping_d4,280,280,0,100.0,0.0
person10_handwaving_d1,520,520,0,100.0,0.0
person10_handwaving_d2,460,460,0,100.0,0.0
person10_handwaving_d3,480,480,0,100.0,0.0
person10_handwaving_d4,500,500,0,100.0,0.0
person10_jogging_d1,200,181,19,90.5,9.5
person10_jogging_d2,440,371,69,84.3,15.7
person10_jogging_d3,160,132,28,82.5,17.5
person10_jogging_d4,240,226,14,94.2,5.8
person10_running_d1,80,65,15,81.2,18.8
person10_running_d2,240,184,56,76.7,23.3
person10_running_d3,100,66,34,66.0,34.0
person10_running_d4,160,139,21,86.9,13.1
person10_walking_d1,320,292,28,91.2,8.8
person10_walking_d2,700,545,155,77.9,22.1
person10_walking_d3,300,264,36,88.0,12.0
person10_walking_d4,380,356,24,93.7,6.3
person11_boxing_d1,300,300,0,100.0,0.0
person11_boxing_d2,320,320,0,100.0,0.0
person11_boxing_d3,400,400,0,100.0,0.0
person11_boxing_d4,220,220,0,100.0,0.0
person11_handclapping_d1,280,280,0,100.0,0.0
person11_handclapping_d2,240,240,0,100.0,0.0
person11_handclapping_d3,340,340,0,100.0,0.0
person11_handclapping_d4,240,240,0,100.0,0.0
person11_handwaving_d1,460,460,0,100.0,0.0
person11_handwaving_d2,280,280,0,100.0,0.0
person11_handwaving_d3,460,460,0,100.0,0.0
person11_handwaving_d4,420,417,3,99.3,0.7
person11_jogging_d1,220,199,21,90.5,9.5
person11_jogging_d2,240,205,35,85.4,14.6
person11_jogging_d3,180,55,125,30.6,69.4
person11_jogging_d4,240,228,12,95.0,5.0
person11_running_d1,100,70,30,70.0,30.0
person11_running_d2,160,105,55,65.6,34.4
person11_running_d3,80,0,80,0.0,100.0
person11_running_d4,160,95,65,59.4,40.6
person11_walking_d1,360,310,50,86.1,13.9
person11_walking_d2,620,563,57,90.8,9.2
person11_walking_d3,360,275,85,76.4,23.6
person11_walking_d4,340,324,16,95.3,4.7
person12_boxing_d1,540,540,0,100.0,0.0
person12_boxing_d2,640,640,0,100.0,0.0
person12_boxing_d3,660,660,0,100.0,0.0
person12_boxing_d4,460,460,0,100.0,0.0
person12_handclapping_d1,340,340,0,100.0,0.0
person12_handclapping_d2,420,420,0,100.0,0.0
person12_handclapping_d3,440,440,0,100.0,0.0
person12_handclapping_d4,440,440,0,100.0,0.0
person12_handwaving_d1,620,620,0,100.0,0.0
person12_handwaving_d2,480,480,0,100.0,0.0
person12_handwaving_d3,640,640,0,100.0,0.0
person12_handwaving_d4,540,540,0,100.0,0.0
person12_jogging_d1,200,120,80,60.0,40.0
person12_jogging_d2,320,298,22,93.1,6.9
person12_jogging_d3,180,94,86,52.2,47.8
person12_jogging_d4,280,258,22,92.1,7.9
person12_running_d1,80,9,71,11.2,88.8
person12_running_d2,180,132,48,73.3,26.7
person12_running_d3,120,33,87,27.5,72.5
person12_running_d4,160,112,48,70.0,30.0
person12_walking_d1,340,291,49,85.6,14.4
person12_walking_d2,620,583,37,94.0,6.0
person12_walking_d3,300,230,70,76.7,23.3
person12_walking_d4,500,470,30,94.0,6.0
person13_boxing_d1,500,500,0,100.0,0.0
person13_boxing_d2,580,557,23,96.0,4.0
person13_boxing_d3,400,400,0,100.0,0.0
person13_boxing_d4,380,380,0,100.0,0.0
person13_handclapping_d1,340,340,0,100.0,0.0
person13_handclapping_d2,460,460,0,100.0,0.0
person13_handclapping_d4,420,420,0,100.0,0.0
person13_handwaving_d1,460,457,3,99.3,0.7
person13_handwaving_d2,440,440,0,100.0,0.0
person13_handwaving_d3,300,300,0,100.0,0.0
person13_handwaving_d4,520,520,0,100.0,0.0
person13_jogging_d1,160,109,51,68.1,31.9
person13_jogging_d2,260,217,43,83.5,16.5
person13_jogging_d3,160,112,48,70.0,30.0
person13_jogging_d4,260,239,21,91.9,8.1
person13_running_d1,160,127,33,79.4,20.6
person13_running_d2,220,190,30,86.4,13.6
person13_running_d3,160,89,71,55.6,44.4
person13_running_d4,220,196,24,89.1,10.9
person13_walking_d1,360,321,39,89.2,10.8
person13_walking_d2,540,479,61,88.7,11.3
person13_walking_d3,380,358,22,94.2,5.8
person13_walking_d4,420,398,22,94.8,5.2
person14_boxing_d1,520,520,0,100.0,0.0
person14_boxing_d2,520,520,0,100.0,0.0
person14_boxing_d3,540,540,0,100.0,0.0
person14_boxing_d4,400,400,0,100.0,0.0
person14_handclapping_d1,460,460,0,100.0,0.0
person14_handclapping_d2,480,480,0,100.0,0.0
person14_handclapping_d3,480,480,0,100.0,0.0
person14_handclapping_d4,420,420,0,100.0,0.0
person14_handwaving_d1,540,540,0,100.0,0.0
person14_handwaving_d2,460,460,0,100.0,0.0
person14_handwaving_d3,300,300,0,100.0,0.0
person14_handwaving_d4,600,600,0,100.0,0.0
person14_jogging_d1,240,210,30,87.5,12.5
person14_jogging_d2,300,254,46,84.7,15.3
person14_jogging_d3,260,184,76,70.8,29.2
person14_jogging_d4,280,262,18,93.6,6.4
person14_running_d1,180,124,56,68.9,31.1
person14_running_d2,180,105,75,58.3,41.7
person14_running_d3,140,63,77,45.0,55.0
person14_running_d4,200,147,53,73.5,26.5
person14_walking_d1,460,393,67,85.4,14.6
person14_walking_d2,560,512,48,91.4,8.6
person14_walking_d3,360,309,51,85.8,14.2
person14_walking_d4,420,418,2,99.5,0.5
person15_boxing_d1,360,360,0,100.0,0.0
person15_boxing_d2,460,460,0,100.0,0.0
person15_boxing_d3,380,380,0,100.0,0.0
person15_boxing_d4,260,260,0,100.0,0.0
person15_handclapping_d1,280,280,0,100.0,0.0
person15_handclapping_d2,240,240,0,100.0,0.0
person15_handclapping_d3,340,338,2,99.4,0.6
person15_handclapping_d4,300,298,2,99.3,0.7
person15_handwaving_d1,560,560,0,100.0,0.0
person15_handwaving_d2,660,660,0,100.0,0.0
person15_handwaving_d3,560,560,0,100.0,0.0
person15_handwaving_d4,640,626,14,97.8,2.2
person15_jogging_d1,240,204,36,85.0,15.0
person15_jogging_d2,260,218,42,83.8,16.2
person15_jogging_d3,160,113,47,70.6,29.4
person15_jogging_d4,320,305,15,95.3,4.7
person15_running_d1,160,116,44,72.5,27.5
person15_running_d2,160,109,51,68.1,31.9
person15_running_d3,160,87,73,54.4,45.6
person15_running_d4,160,109,51,68.1,31.9
person15_walking_d1,420,382,38,91.0,9.0
person15_walking_d2,580,547,33,94.3,5.7
person15_walking_d3,320,273,47,85.3,14.7
person15_walking_d4,540,513,27,95.0,5.0
person16_boxing_d1,460,457,3,99.3,0.7
person16_boxing_d2,360,360,0,100.0,0.0
person16_boxing_d3,520,520,0,100.0,0.0
person16_boxing_d4,420,419,1,99.8,0.2
person16_handclapping_d1,440,440,0,100.0,0.0
person16_handclapping_d2,380,380,0,100.0,0.0
person16_handclapping_d3,460,460,0,100.0,0.0
person16_handclapping_d4,360,360,0,100.0,0.0
person16_handwaving_d1,460,460,0,100.0,0.0
person16_handwaving_d2,420,420,0,100.0,0.0
person16_handwaving_d3,480,480,0,100.0,0.0
person16_handwaving_d4,540,540,0,100.0,0.0
person16_jogging_d1,240,217,23,90.4,9.6
person16_jogging_d2,320,291,29,90.9,9.1
person16_jogging_d3,200,104,96,52.0,48.0
person16_jogging_d4,300,280,20,93.3,6.7
person16_running_d1,180,63,117,35.0,65.0
person16_running_d2,240,196,44,81.7,18.3
person16_running_d3,160,44,116,27.5,72.5
person16_running_d4,160,96,64,60.0,40.0
person16_walking_d1,360,299,61,83.1,16.9
person16_walking_d2,560,466,94,83.2,16.8
person16_walking_d3,380,345,35,90.8,9.2
person16_walking_d4,420,370,50,88.1,11.9
person17_boxing_d1,340,340,0,100.0,0.0
person17_boxing_d2,440,440,0,100.0,0.0
person17_boxing_d3,460,458,2,99.6,0.4
person17_boxing_d4,300,295,5,98.3,1.7
person17_handclapping_d1,380,380,0,100.0,0.0
person17_handclapping_d2,360,360,0,100.0,0.0
person17_handclapping_d3,400,400,0,100.0,0.0
person17_handclapping_d4,340,333,7,97.9,2.1
person17_handwaving_d1,400,400,0,100.0,0.0
person17_handwaving_d2,340,340,0,100.0,0.0
person17_handwaving_d3,480,480,0,100.0,0.0
person17_handwaving_d4,380,380,0,100.0,0.0
person17_jogging_d1,240,229,11,95.4,4.6
person17_jogging_d2,380,353,27,92.9,7.1
person17_jogging_d3,180,103,77,57.2,42.8
person17_jogging_d4,240,220,20,91.7,8.3
person17_running_d1,100,37,63,37.0,63.0
person17_running_d2,200,148,52,74.0,26.0
person17_running_d3,100,17,83,17.0,83.0
person17_running_d4,180,111,69,61.7,38.3
person17_walking_d1,380,334,46,87.9,12.1
person17_walking_d2,620,582,38,93.9,6.1
person17_walking_d3,360,325,35,90.3,9.7
person17_walking_d4,420,388,32,92.4,7.6
person18_boxing_d1,580,580,0,100.0,0.0
person18_boxing_d2,380,380,0,100.0,0.0
person18_boxing_d3,460,460,0,100.0,0.0
person18_boxing_d4,460,460,0,100.0,0.0
person18_handclapping_d1,480,478,2,99.6,0.4
person18_handclapping_d2,420,409,11,97.4,2.6
person18_handclapping_d3,520,508,12,97.7,2.3
person18_handclapping_d4,500,500,0,100.0,0.0
person18_handwaving_d1,540,540,0,100.0,0.0
person18_handwaving_d2,460,457,3,99.3,0.7
person18_handwaving_d3,520,514,6,98.8,1.2
person18_handwaving_d4,560,560,0,100.0,0.0
person18_jogging_d1,240,223,17,92.9,7.1
person18_jogging_d2,300,285,15,95.0,5.0
person18_jogging_d3,220,204,16,92.7,7.3
person18_jogging_d4,260,226,34,86.9,13.1
person18_running_d1,160,142,18,88.8,11.2
person18_running_d2,200,188,12,94.0,6.0
person18_running_d3,160,147,13,91.9,8.1
person18_running_d4,200,172,28,86.0,14.0
person18_walking_d1,340,304,36,89.4,10.6
person18_walking_d2,420,386,34,91.9,8.1
person18_walking_d3,320,283,37,88.4,11.6
person18_walking_d4,320,319,1,99.7,0.3
person19_boxing_d1,320,320,0,100.0,0.0
person19_boxing_d2,420,420,0,100.0,0.0
person19_boxing_d3,400,400,0,100.0,0.0
person19_boxing_d4,400,400,0,100.0,0.0
person19_handclapping_d1,380,380,0,100.0,0.0
person19_handclapping_d2,360,360,0,100.0,0.0
person19_handclapping_d3,420,420,0,100.0,0.0
person19_handclapping_d4,360,360,0,100.0,0.0
person19_handwaving_d1,620,620,0,100.0,0.0
person19_handwaving_d2,540,540,0,100.0,0.0
person19_handwaving_d3,600,600,0,100.0,0.0
person19_handwaving_d4,540,540,0,100.0,0.0
person19_jogging_d1,220,191,29,86.8,13.2
person19_jogging_d2,360,340,20,94.4,5.6
person19_jogging_d3,160,117,43,73.1,26.9
person19_jogging_d4,260,244,16,93.8,6.2
person19_running_d1,160,150,10,93.8,6.2
person19_running_d2,260,228,32,87.7,12.3
person19_running_d3,160,154,6,96.2,3.8
person19_running_d4,160,132,28,82.5,17.5
person19_walking_d1,320,298,22,93.1,6.9
person19_walking_d2,540,504,36,93.3,6.7
person19_walking_d3,320,305,15,95.3,4.7
person19_walking_d4,440,405,35,92.0,8.0
person20_boxing_d1,340,340,0,100.0,0.0
person20_boxing_d2,440,440,0,100.0,0.0
person20_boxing_d3,460,460,0,100.0,0.0
person20_boxing_d4,380,380,0,100.0,0.0
person20_handclapping_d1,380,380,0,100.0,0.0
person20_handclapping_d2,380,380,0,100.0,0.0
person20_handclapping_d3,480,480,0,100.0,0.0
person20_handclapping_d4,440,440,0,100.0,0.0
person20_handwaving_d1,500,500,0,100.0,0.0
person20_handwaving_d2,480,480,0,100.0,0.0
person20_handwaving_d3,460,460,0,100.0,0.0
person20_handwaving_d4,440,440,0,100.0,0.0
person20_jogging_d1,200,190,10,95.0,5.0
person20_jogging_d2,320,279,41,87.2,12.8
person20_jogging_d3,160,151,9,94.4,5.6
person20_jogging_d4,240,224,16,93.3,6.7
person20_running_d1,80,66,14,82.5,17.5
person20_running_d2,200,176,24,88.0,12.0
person20_running_d3,80,72,8,90.0,10.0
person20_running_d4,160,153,7,95.6,4.4
person20_walking_d1,340,326,14,95.9,4.1
person20_walking_d2,600,549,51,91.5,8.5
person20_walking_d3,260,226,34,86.9,13.1
person20_walking_d4,360,327,33,90.8,9.2
person21_boxing_d1,320,320,0,100.0,0.0
person21_boxing_d2,380,380,0,100.0,0.0
person21_boxing_d3,440,440,0,100.0,0.0
person21_boxing_d4,440,440,0,100.0,0.0
person21_handclapping_d1,560,560,0,100.0,0.0
person21_handclapping_d2,520,520,0,100.0,0.0
person21_handclapping_d3,380,372,8,97.9,2.1
person21_handclapping_d4,480,480,0,100.0,0.0
person21_handwaving_d1,560,560,0,100.0,0.0
person21_handwaving_d2,620,620,0,100.0,0.0
person21_handwaving_d3,480,479,1,99.8,0.2
person21_handwaving_d4,500,500,0,100.0,0.0
person21_jogging_d1,160,151,9,94.4,5.6
person21_jogging_d2,360,303,57,84.2,15.8
person21_jogging_d3,160,151,9,94.4,5.6
person21_jogging_d4,260,239,21,91.9,8.1
person21_running_d1,100,84,16,84.0,16.0
person21_running_d2,240,184,56,76.7,23.3
person21_running_d3,100,83,17,83.0,17.0
person21_running_d4,160,98,62,61.2,38.8
person21_walking_d1,300,278,22,92.7,7.3
person21_walking_d2,580,544,36,93.8,6.2
person21_walking_d3,240,221,19,92.1,7.9
person21_walking_d4,440,374,66,85.0,15.0
person22_boxing_d1,260,260,0,100.0,0.0
person22_boxing_d2,280,280,0,100.0,0.0
person22_boxing_d3,340,340,0,100.0,0.0
person22_boxing_d4,360,357,3,99.2,0.8
person22_handclapping_d1,300,300,0,100.0,0.0
person22_handclapping_d2,420,420,0,100.0,0.0
person22_handclapping_d3,400,400,0,100.0,0.0
person22_handclapping_d4,420,419,1,99.8,0.2
person22_handwaving_d1,500,500,0,100.0,0.0
person22_handwaving_d2,480,480,0,100.0,0.0
person22_handwaving_d3,400,400,0,100.0,0.0
person22_handwaving_d4,460,460,0,100.0,0.0
person22_jogging_d1,180,171,9,95.0,5.0
person22_jogging_d2,320,308,12,96.2,3.8
person22_jogging_d3,160,149,11,93.1,6.9
person22_jogging_d4,240,219,21,91.2,8.8
person22_running_d1,80,67,13,83.8,16.2
person22_running_d2,160,152,8,95.0,5.0
person22_running_d3,100,90,10,90.0,10.0
person22_running_d4,160,121,39,75.6,24.4
person22_walking_d1,380,355,25,93.4,6.6
person22_walking_d2,580,502,78,86.6,13.4
person22_walking_d3,340,314,26,92.4,7.6
person22_walking_d4,440,413,27,93.9,6.1
person23_boxing_d1,340,340,0,100.0,0.0
person23_boxing_d2,480,480,0,100.0,0.0
person23_boxing_d3,420,420,0,100.0,0.0
person23_boxing_d4,320,320,0,100.0,0.0
person23_handclapping_d1,400,400,0,100.0,0.0
person23_handclapping_d2,420,420,0,100.0,0.0
person23_handclapping_d3,440,440,0,100.0,0.0
person23_handclapping_d4,400,400,0,100.0,0.0
person23_handwaving_d1,540,540,0,100.0,0.0
person23_handwaving_d2,480,480,0,100.0,0.0
person23_handwaving_d3,460,460,0,100.0,0.0
person23_handwaving_d4,480,480,0,100.0,0.0
person23_jogging_d1,160,151,9,94.4,5.6
person23_jogging_d2,420,381,39,90.7,9.3
person23_jogging_d3,160,152,8,95.0,5.0
person23_jogging_d4,240,227,13,94.6,5.4
person23_running_d1,80,67,13,83.8,16.2
person23_running_d2,240,214,26,89.2,10.8
person23_running_d3,80,44,36,55.0,45.0
person23_running_d4,160,143,17,89.4,10.6
person23_walking_d1,320,320,0,100.0,0.0
person23_walking_d2,680,643,37,94.6,5.4
person23_walking_d3,300,282,18,94.0,6.0
person23_walking_d4,340,322,18,94.7,5.3
person24_boxing_d1,320,320,0,100.0,0.0
person24_boxing_d2,400,400,0,100.0,0.0
person24_boxing_d3,340,340,0,100.0,0.0
person24_boxing_d4,340,340,0,100.0,0.0
person24_handclapping_d1,320,320,0,100.0,0.0
person24_handclapping_d2,340,340,0,100.0,0.0
person24_handclapping_d3,360,360,0,100.0,0.0
person24_handclapping_d4,320,320,0,100.0,0.0
person24_handwaving_d1,540,540,0,100.0,0.0
person24_handwaving_d2,460,460,0,100.0,0.0
person24_handwaving_d3,480,480,0,100.0,0.0
person24_handwaving_d4,480,480,0,100.0,0.0
person24_jogging_d1,160,117,43,73.1,26.9
person24_jogging_d2,400,363,37,90.8,9.2
person24_jogging_d3,200,164,36,82.0,18.0
person24_jogging_d4,320,304,16,95.0,5.0
person24_running_d1,80,42,38,52.5,47.5
person24_running_d2,300,269,31,89.7,10.3
person24_running_d3,140,132,8,94.3,5.7
person24_running_d4,160,110,50,68.8,31.2
person24_walking_d1,280,247,33,88.2,11.8
person24_walking_d2,660,571,89,86.5,13.5
person24_walking_d3,300,256,44,85.3,14.7
person24_walking_d4,320,300,20,93.8,6.2
person25_boxing_d1,360,357,3,99.2,0.8
person25_boxing_d2,420,420,0,100.0,0.0
person25_boxing_d3,440,440,0,100.0,0.0
person25_boxing_d4,440,440,0,100.0,0.0
person25_handclapping_d1,380,380,0,100.0,0.0
person25_handclapping_d2,460,460,0,100.0,0.0
person25_handclapping_d3,400,398,2,99.5,0.5
person25_handclapping_d4,460,460,0,100.0,0.0
person25_handwaving_d1,460,460,0,100.0,0.0
person25_handwaving_d2,440,440,0,100.0,0.0
person25_handwaving_d3,480,480,0,100.0,0.0
person25_handwaving_d4,440,440,0,100.0,0.0
person25_jogging_d1,160,103,57,64.4,35.6
person25_jogging_d2,320,262,58,81.9,18.1
person25_jogging_d3,200,156,44,78.0,22.0
person25_jogging_d4,240,222,18,92.5,7.5
person25_running_d1,140,75,65,53.6,46.4
person25_running_d2,240,180,60,75.0,25.0
person25_running_d3,160,142,18,88.8,11.2
person25_running_d4,160,122,38,76.2,23.8
person25_walking_d1,360,322,38,89.4,10.6
person25_walking_d2,620,552,68,89.0,11.0
person25_walking_d3,400,358,42,89.5,10.5
person25_walking_d4,400,365,35,91.2,8.8
